{
  "dataset": {
    "full_size": 99926,
    "sample_size": 240,
    "full_class_counts": {
      "growth": 11973,
      "neutral": 84476,
      "risk": 3477
    },
    "sample_class_counts": {
      "growth": 80,
      "neutral": 80,
      "risk": 80
    },
    "per_class_target": 80,
    "sampling_random_state": 42
  },
  "finbert": {
    "accuracy": 0.5041666666666667,
    "macro_precision": 0.5042483660130719,
    "macro_recall": 0.5041666666666667,
    "macro_f1": 0.4523600209314495,
    "weighted_f1": 0.4523600209314495,
    "per_class": {
      "growth": {
        "precision": 0.5294117647058824,
        "recall": 0.675,
        "f1": 0.5934065934065934,
        "support": 80
      },
      "neutral": {
        "precision": 0.48333333333333334,
        "recall": 0.725,
        "f1": 0.58,
        "support": 80
      },
      "risk": {
        "precision": 0.5,
        "recall": 0.1125,
        "f1": 0.1836734693877551,
        "support": 80
      }
    },
    "confusion_matrix": [
      [
        54,
        20,
        6
      ],
      [
        19,
        58,
        3
      ],
      [
        29,
        42,
        9
      ]
    ]
  },
  "our_system": {
    "accuracy": 0.3333333333333333,
    "macro_precision": 0.1111111111111111,
    "macro_recall": 0.3333333333333333,
    "macro_f1": 0.16666666666666666,
    "weighted_f1": 0.16666666666666666,
    "per_class": {
      "growth": {
        "precision": 0.0,
        "recall": 0.0,
        "f1": 0.0,
        "support": 80
      },
      "neutral": {
        "precision": 0.3333333333333333,
        "recall": 1.0,
        "f1": 0.5,
        "support": 80
      },
      "risk": {
        "precision": 0.0,
        "recall": 0.0,
        "f1": 0.0,
        "support": 80
      }
    },
    "confusion_matrix": [
      [
        0,
        80,
        0
      ],
      [
        0,
        80,
        0
      ],
      [
        0,
        80,
        0
      ]
    ]
  },
  "improvement": {
    "accuracy_delta": -0.17083333333333334,
    "macro_f1_delta": -0.2856933542647828,
    "macro_precision_delta": -0.3931372549019608,
    "macro_recall_delta": -0.17083333333333334
  },
  "comparison": {
    "agreement_rate": 0.5,
    "agreement_count": 120,
    "disagreement_count": 120,
    "ours_correct_finbert_wrong_count": 22,
    "finbert_correct_ours_wrong_count": 63
  },
  "confidence_comparison": {
    "finbert": {
      "growth": 84.9732,
      "neutral": 82.5014,
      "risk": 80.6926
    },
    "our_system": {
      "growth": 0.0,
      "neutral": 93.4723,
      "risk": 0.0
    }
  },
  "results_dir": "/Users/saroshnadaf/Documents/NLP_Proj/backend/financial_pragmatic_ai/evaluation/better_than_fin/results"
}